evidence_id,file_path,related_po_ids,summary
EV-001,attachments/EV-001.txt,PO-2026-0005,PO-2026-0005 审批往来附件
EV-003,attachments/EV-003.txt,PO-2026-0013,PO-2026-0013 审批往来附件
EV-004,attachments/EV-004.txt,PO-2026-0026,PO-2026-0026 审批往来附件
EV-005,attachments/EV-005.txt,PO-2026-0021,PO-2026-0021 审批往来附件
EV-006,attachments/EV-006.txt,PO-2026-0018,PO-2026-0018 审批往来附件
EV-007,attachments/EV-007.txt,PO-2026-0036,PO-2026-0036 审批往来附件
EV-008,attachments/EV-008.txt,PO-2026-0003,PO-2026-0003 审批往来附件
EV-009,attachments/EV-009.txt,PO-2026-0033,PO-2026-0033 审批往来附件
EV-010,attachments/EV-010.txt,PO-2026-0014,PO-2026-0014 审批往来附件
EV-011,attachments/EV-011.txt,PO-2026-0008,PO-2026-0008 审批往来附件
EV-012,attachments/EV-012.txt,PO-2026-0017,PO-2026-0017 审批往来附件
EV-013,attachments/EV-013.txt,PO-2026-0009,PO-2026-0009 审批往来附件
EV-014,attachments/EV-014.txt,PO-2026-0034,PO-2026-0034 审批往来附件
EV-015,attachments/EV-015.txt,PO-2026-0027,PO-2026-0027 审批往来附件
EV-016,attachments/EV-016.txt,PO-2026-0042,PO-2026-0042 审批往来附件
EV-017,attachments/EV-017.txt,PO-2026-0047,PO-2026-0047 审批往来附件
EV-018,attachments/EV-018.txt,PO-2026-0029,PO-2026-0029 审批往来附件
EV-019,attachments/EV-019.txt,PO-2026-0030,PO-2026-0030 审批往来附件
EV-020,attachments/EV-020.txt,PO-2026-0012,PO-2026-0012 审批往来附件
EV-021,attachments/EV-021.txt,PO-2026-0023,PO-2026-0023 审批往来附件
EV-022,attachments/EV-022.txt,PO-2026-0028,PO-2026-0028 审批往来附件
EV-023,attachments/EV-023.txt,PO-2026-0048,PO-2026-0048 审批往来附件
EV-024,attachments/EV-024.txt,PO-2026-0050,PO-2026-0050 审批往来附件
EV-025,attachments/EV-025.txt,PO-2026-0025,PO-2026-0025 审批往来附件
